<?xml version="1.0" encoding="UTF-8"?>
<project-private xmlns="http://www.netbeans.org/ns/project-private/1">
    <editor-bookmarks xmlns="http://www.netbeans.org/ns/editor-bookmarks/2" lastBookmarkId="0"/>
    <open-files xmlns="http://www.netbeans.org/ns/projectui-open-files/2">
        <group>
            <file>file:/C:/Users/User/OneDrive%20-%20STI%20College%20Dasmarinas/Documents/NetBeansProjects/LoginUI/src/org/inventorymanagement/controller/DashboardController.java</file>
            <file>file:/C:/Users/User/OneDrive%20-%20STI%20College%20Dasmarinas/Documents/NetBeansProjects/LoginUI/src/org/inventorymanagement/controller/LoginController.java</file>
            <file>file:/C:/Users/User/OneDrive%20-%20STI%20College%20Dasmarinas/Documents/NetBeansProjects/LoginUI/src/org/inventorymanagement/design/style.css</file>
            <file>file:/C:/Users/User/OneDrive%20-%20STI%20College%20Dasmarinas/Documents/NetBeansProjects/LoginUI/src/org/inventorymanagement/view/DashboardInventory.fxml</file>
            <file>file:/C:/Users/User/OneDrive%20-%20STI%20College%20Dasmarinas/Documents/NetBeansProjects/LoginUI/src/org/inventorymanagement/controller/DashboardHomeController.java</file>
            <file>file:/C:/Users/User/OneDrive%20-%20STI%20College%20Dasmarinas/Documents/NetBeansProjects/LoginUI/src/org/inventorymanagement/data/FXMLloader.java</file>
            <file>file:/C:/Users/User/OneDrive%20-%20STI%20College%20Dasmarinas/Documents/NetBeansProjects/LoginUI/src/org/inventorymanagement/loginui/LoginUI.java</file>
        </group>
    </open-files>
</project-private>
